name,price,link
Glenfiddich 21 Year Old,£150.00,https://www.whiskyshop.com/glenfiddich-21-year-old-gran-reserva
Berry Bros. & Rudd Macduff 2009,£80.00,https://www.whiskyshop.com/berry-bros-rudd-macduff-2009
Berry Bros. & Rudd Blair Athol 2009,£75.00,https://www.whiskyshop.com/berry-bros-rudd-blair-athol-2009
Loch Lomond Open Special Edition Gift Pack & 2 Glasses 2022,£55.00,https://www.whiskyshop.com/loch-lomond-open-special-edition-gift-pack-2-glasses-2022
Loch Lomond 46 Year Old,"£4,500.00",https://www.whiskyshop.com/loch-lomond-46-year-old
Glen Scotia 46 Year Old,"£6,750.00",https://www.whiskyshop.com/glen-scotia-46-year-old
Highland Park 1989 32 Year Old Connoisseurs Choice,£779.00,https://www.whiskyshop.com/highland-park-1989-32-year-old-connoisseurs-choice
Miltonduff 1990 31 Year Old Connoisseurs Choice #19440,£750.00,https://www.whiskyshop.com/miltonduff-1990-31-year-old-connoisseurs-choice-19440
Bunnahabhain Abhainn Araig Feis Ile Release 2022,£95.00,https://www.whiskyshop.com/bunnahabhain-abhainn-araig-feis-ile-release
Bunnahabhain 1998 Calvados Feis Ile Release 2022,£400.00,https://www.whiskyshop.com/bunnahabhain-1998-calvados-feis-ile-release
Jack and Victor Blended Whisky,£35.00,https://www.whiskyshop.com/jack-and-victor-blended-whisky
Loch Lomond Open Special Edition 2022,£49.00,https://www.whiskyshop.com/loch-lomond-open-special-edition-2022
Loch Lomond 1999 22 Year Old Open Course Collection 2022 ,,https://www.whiskyshop.com/loch-lomond-1999-22-year-old-course-collection-2022
Old Malt Cask Glen Moray 2007 14 Year Old,£92.00,https://www.whiskyshop.com/old-malt-cask-glen-moray-2007-14-year-old
Old Malt Cask Mortlach 2007 14 Year Old,£105.00,https://www.whiskyshop.com/old-malt-cask-mortlach-2007-14-year-old
Old Malt Cask Glengoyne 2007 14 Year Old,£99.00,https://www.whiskyshop.com/old-malt-cask-glengoyne-2007-14-year-old
Old Malt Cask Linkwood 2002 18 Year Old,£167.00,https://www.whiskyshop.com/old-malt-cask-linkwood-2002-18-year-old
Cask Treasures Secret Grain 10 Year Old,£55.00,https://www.whiskyshop.com/cask-treasures-secret-grain-10-year-old
Cask Treasures Caribbean Blended Rum,£40.00,https://www.whiskyshop.com/cask-treasures-caribbean-blended-rum
Rosebank 30 Year Old Release 1,"£3,360.00",https://www.whiskyshop.com/rosebank-30-year-old-release-1
Glen Scotia 8 Year Old Campbeltown Malts Festival 2022,£55.00,https://www.whiskyshop.com/glen-scotia-8-year-old-festival-2022
Blanton's Single Barrel 2021 Limited Edition - Whisky Live Singapore,"£1,520.00",https://www.whiskyshop.com/blanton-s-single-barrel-2021-limited-edition-whisky-live-singapore
Springbank 2000 16 Year Old,"£1,980.00",https://www.whiskyshop.com/springbank-2000-16-year-old-single-cask
Port Ellen 1981 Islay Festival 2008,,https://www.whiskyshop.com/port-ellen-1981-islay-festival-2008
Lindores The Casks of Lindores STR Wine Barrique,£54.99,https://www.whiskyshop.com/lindores-the-casks-of-lindores-str-wine-barrique
White Heather 15 Year Old,£61.99,https://www.whiskyshop.com/white-heather-15-year-old
GlenAllachie 8 Year Old,£43.99,https://www.whiskyshop.com/glenallachie-8-year-old
Tamdhu 2006 15 Year Old #2165,£250.00,https://www.whiskyshop.com/tamdhu-2006-2165
Pigs Nose Blend,£21.00,https://www.whiskyshop.com/pigs-nose-blend
Smokehead Sherry Bomb,£65.00,https://www.whiskyshop.com/smokehead-sherry-bomb
Sheep Dip Islay Blended Malt,£31.00,https://www.whiskyshop.com/sheep-dip-islay-blended-malt
Sheep Dip Blended Malt 5 Year Old,£29.00,https://www.whiskyshop.com/sheep-dip-blended-malt-5-year-old
The Octave An Iconic Speyside 2010 11 Year Old #2933337,£99.00,https://www.whiskyshop.com/the-octave-an-iconic-speyside-2010-11-year-old-2933337
Chivas Regal 12 Year Old 4.5 Litre,£219.00,https://www.whiskyshop.com/chivas-regal-12-year-old-4-5-litre
Longmorn 23 Year Old,£399.00,https://www.whiskyshop.com/longmorn-23-year-old
Ballantine's Finest,£23.00,https://www.whiskyshop.com/ballantines-finest
Mortlach 1988 33 Year Old Connoisseurs Choice,£849.99,https://www.whiskyshop.com/mortlach-1988-33-year-old-connoisseurs-choice
Glenlivet 1978 Private Collection,"£2,099.00",https://www.whiskyshop.com/glenlivet-1978-private-collection
Glenlivet 1976 Private Collection,"£2,349.00",https://www.whiskyshop.com/glenlivet-1976-private-collection
Mortlach 1978 Private Collection,"£2,099.00",https://www.whiskyshop.com/mortlach-1978-private-collection
Mossburn Auchroisk 2007 14 Year Old,£58.95,https://www.whiskyshop.com/mossburn-auchroisk-2007-14-year-old
Mossburn Macduff 2007 14 Year Old,£72.95,https://www.whiskyshop.com/mossburn-macduff-2007-14-year-old
Mossburn Craigellachie 2007 13 Year Old,£64.95,https://www.whiskyshop.com/mossburn-craigellachie-2007-13-year-old
Kingsbarns Distillery Reserve,£65.00,https://www.whiskyshop.com/kingsbarns-distillery-reserve
Tomatin Cask Strength,£50.95,https://www.whiskyshop.com/tomatin-cask-strength
Tomatin 18 Year Old,£94.95,https://www.whiskyshop.com/tomatin-18-year-old
Chivas Regal 15 Year Old,£45.00,https://www.whiskyshop.com/chivas-regal-15-year-old
Chivas Regal 13 Year Old,£35.00,https://www.whiskyshop.com/chivas-regal-13-year-old
Glen Keith 25 Year Old,£350.00,https://www.whiskyshop.com/glen-keith-25-year-old
Glen Keith 21 Year Old,£150.00,https://www.whiskyshop.com/glen-keith-21-year-old
Happy Birthday (Light Blue) 6 Reasons Whisky Gift Pack,£30.00,https://www.whiskyshop.com/happy-birthday-light-blue-6-reasons-whisky-gift-pack
Happy Birthday (Dark Blue) 6 Reasons Whisky Gift Pack,£30.00,https://www.whiskyshop.com/happy-birthday-dark-blue-6-reasons-whisky-gift-pack
Cake Didn't Turn Out Whisky Gift Pack,£30.00,https://www.whiskyshop.com/cake-didn-t-turn-out-whisky-gift-pack
Thanks For Everything Whisky Gift Pack,£30.00,https://www.whiskyshop.com/thanks-for-everything-gift-pack-6x3cl
Thought Of You Whisky Gift Pack,£30.00,https://www.whiskyshop.com/thought-of-you-whisky-gift-pack-6x3cl
Balvenie 16 Year Old French Oak,£130.00,https://www.whiskyshop.com/balvenie-16-year-old-french-oak
Inchmurrin 22 Year Old Batch 6 That Boutique-y Whisky Company,£119.95,https://www.whiskyshop.com/inchmurrin-22-year-old-batch-6-that-boutique-y-whisky-company
Macduff 21 Year Old Batch 7 That Boutique-y Whisky Company,£103.95,https://www.whiskyshop.com/macduff-21-year-old-batch-7-that-boutique-y-whisky-company
Glenrothes 12 Year Old Batch 11 That Boutique-y Whisky Company,£46.95,https://www.whiskyshop.com/glenrothes-12-year-old-batch-11-that-boutique-y-whisky-company
Berry Bros. & Rudd Tullibardine 1993 #954,£150.00,https://www.whiskyshop.com/berry-bros-rudd-tullibardine-1993-954
Berry Bros. & Rudd Glen Grant 1998 #13214,£230.00,https://www.whiskyshop.com/berry-bros-rudd-glen-grant-1998-13214
Berry Bros. & Rudd Caol Ila 2010,£120.00,https://www.whiskyshop.com/berry-bros-rudd-caol-ila-2010
Chichibu 2013 Single Ex-Bourbon Barrel #2463 Whisky Mew,"£2,995.00",https://www.whiskyshop.com/chichibu-2013-single-ex-bourbon-barrel-2463-whisky-mew
Glendronach 33 Year Old,"£2,695.00",https://www.whiskyshop.com/glendronach-33-year-old
Bowmore Bicentenary,,https://www.whiskyshop.com/bowmore-bicentenary
Glenfarclas 10 Year Old Single Malt,£36.00,https://www.whiskyshop.com/glenfarclas-10-year-old-single-malt
Glenfarclas 12 Year Old Single Malt,£42.00,https://www.whiskyshop.com/glenfarclas-12-year-old-single-malt
Glenfarclas 15 Year Old,£58.00,https://www.whiskyshop.com/glenfarclas-15-year-old-single-malt
Glenfarclas 105 Cask Strength,£55.95,https://www.whiskyshop.com/glenfarclas-105-cask-strength
The Octave Glenrothes 2009 12 Year Old,£120.00,https://www.whiskyshop.com/the-octave-glenrothes-2009-12-year-old
Duncan Taylor Bunnahabhain Peated  2014 7 Year Old,£85.00,https://www.whiskyshop.com/duncan-taylor-bunnahabhain-peated-2014-7-year-old
Wemyss Malts Smoky Shores Blended Malt,£49.00,https://www.whiskyshop.com/wemyss-malts-smoky-shores-blended-malt
Michter's Barrel Strength Rye L21B469,£125.00,https://www.whiskyshop.com/michter-s-barrel-strength-rye-l21b468
John Scott’s Superior Blend 35 Year Old,£750.00,https://www.whiskyshop.com/john-scott-s-superior-blend-35-year-old
Benromach Cara Gold,£50.00,https://www.whiskyshop.com/benromach-cara-gold
Dalwhinnie Distillers Edition 2021,£68.00,https://www.whiskyshop.com/dalwhinnie-distillers-edition-2021
Oban Distillers Edition 2021, £84.00,https://www.whiskyshop.com/oban-distillers-edition-2021
Talisker Distillers Edition 2021,£69.00,https://www.whiskyshop.com/talisker-distillers-edition-2021
Aberlour A’bunadh Alba,£85.00,https://www.whiskyshop.com/aberlour-abunadh-alba
The Octave Dalmunach 2015 6 Year Old #10831766,£80.00,https://www.whiskyshop.com/the-octave-dalmunach-2015-6-year-old-10831766
The Octave Highland Park 2008 13 Year Old #5032247,£135.00,https://www.whiskyshop.com/the-octave-highland-park-2008-13-year-old-5032247
The Octave Dalmunach 2016 5 Year Old #10831623,£80.00,https://www.whiskyshop.com/theoctave-dalmunach-2016-5-year-old-10831623
Caol Ila Distillers Edition 2021, £70.00,https://www.whiskyshop.com/caol-ila-distillers-edition-2022
Strathisla 2008 13 Year Old Connoisseurs Choice UK Exclusive 21/184,£99.00,https://www.whiskyshop.com/strathisla-13-year-old-2008-connoisseurs-choice-uk-exclusive
Benromach 2012 #350 First Fill Sherry,£88.00,https://www.whiskyshop.com/benromach-2012-first-fill-sherry-tws-exclusive
Tomatin 14 Year Old,£63.00,https://www.whiskyshop.com/tomatin-14-year-old
Tomatin 12 Year Old ,£42.00,https://www.whiskyshop.com/tomatin-12-year-old
Benriach 12 Year Old Tasting Set,£14.00,https://www.whiskyshop.com/benriach-12-year-old-tasting-set
Benriach 10 Year Old Tasting Set,£12.00,https://www.whiskyshop.com/benriach-10-year-old-tasting-set
Tobermory 2007 Sherry Finish ,£110.00,https://www.whiskyshop.com/tobermory-2007-sherry-finish
Murray McDavid Linkwood 2008 13 Year Old ,£105.00,https://www.whiskyshop.com/murray-mcdavid-linkwood-2008-13-year-old
The Singleton of Glen Ord 39 Year Old ,"£2,295.00",https://www.whiskyshop.com/the-singleton-of-dufftown-39-year-old
The Loch Fyne The Living Cask Batch 12,£46.00,https://www.whiskyshop.com/the-loch-fyne-the-living-cask-batch-12
Johnnie Walker Blue Label Chinese New Year 2022 Year of the Tiger,£195.00,https://www.whiskyshop.com/johnnie-walker-blue-label-chinese-new-year-2022-year-of-the-tiger
Character of Islay Premium Tasting Set 2021 Edition ,£54.95,https://www.whiskyshop.com/character-of-islay-premium-tasting-set-5x3cl
Macallan 18 Year Old Double Cask 2021,£325.00,https://www.whiskyshop.com/macallan-18-year-old-double-cask-2021
The Octave Dalmunach 2016 5 Year Old #10821726,£67.00,https://www.whiskyshop.com/the-octave-dalmunach-2016
Johnnie Walker Blue Label Icons 2.0,£160.00,https://www.whiskyshop.com/johnnie-walker-blue-label-icons-2-0
Lindores Abbey The Casks of Lindores Bourbon,£55.00,https://www.whiskyshop.com/lindores-abbey-the-casks-of-lindores-bourbon
anCnoc 2009 Limited Release ,£49.95,https://www.whiskyshop.com/ancnoc-2009-limited-release
Johnnie Walker Black Label Gift Pack with 2 Highball Glass,£30.00,https://www.whiskyshop.com/johnnie-walker-black-label-gift-pack-with-2-highball-glass
Johnnie Walker Black Label Gift Pack,£33.00,https://www.whiskyshop.com/johnnie-walker-black-label-gift-pack
Johnnie Walker Gold Label Cracker Pack,£19.00,https://www.whiskyshop.com/johnnie-walker-gold-label-cracker-pack
Johnnie Walker Red Gift Tin,,https://www.whiskyshop.com/johnnie-walker-red-gift-tin
Octomore 12.1,£124.95,https://www.whiskyshop.com/octomore-12-1
Old & Rare Magnum Ardbeg 1991 30 Year Old 1.5L,"£3,999.00",https://www.whiskyshop.com/magnum-ardbeg-1991-30-year-old
Scarabus Islay 10 Year Old Single Malt ,£39.99,https://www.whiskyshop.com/scarabus-islay-single-malt-10yo-46-70cl
Bushmills 1991 Madeira Cask ,£695.00,https://www.whiskyshop.com/bushmills-1991-causeway-madeira
Black Bull 21 Year Old ,£115.00,https://www.whiskyshop.com/black-bull-21-year-old
Johnnie Walker 18 Year Old Gift Set,£82.00,https://www.whiskyshop.com/johnnie-walker-18-year-old-gift-set-with
Johnnie Walker Gold Gift Set ,£54.00,https://www.whiskyshop.com/johnnie-walker-gold-gift-set-2x5cl
Glen Scotia 12 Year Old Seasonal Release 2021,£74.99,https://www.whiskyshop.com/glen-scotia-seasonal-release-2021
Johnnie Walker Blue Label Ghost & Rare: Pittyvaich ,£275.00,https://www.whiskyshop.com/johnnie-walker-ghost-and-rare-pittyvaich
Johnnie Walker Director's Blend 2011,"£3,500.00",https://www.whiskyshop.com/johnnie-walker-director-s-blend-2011
Black Bottle Double Cask,£25.99,https://www.whiskyshop.com/black-bottle-double-cask
Black Bottle Island Smoke,£25.99,https://www.whiskyshop.com/black-bottle-island-smoke
BenRiach 2009 11 Year Old Cask #4833 Batch 17 ,£90.00,https://www.whiskyshop.com/benriach-2009-11-year-old-cask-4833-batch-17
Chivas Regal The Icon,"£2,250.00",https://www.whiskyshop.com/chivas-regal-the-icon
The Kinship Bunnahabhain 31 Year Old 1989,£496.00,https://www.whiskyshop.com/the-kinship-bunnahabhain-1989-31-year-old
GlenKeir Treasures Coimeasgadh Blended Malt,£55.00,https://www.whiskyshop.com/glenkeir-treasure-coimeasgadh-blended-malt
Black Bull 40 year old,£830.00,https://www.whiskyshop.com/black-bull-40-year-old
The Kinship Caol Ila 40 Year Old 1980,"£1,500.00",https://www.whiskyshop.com/caol-ila-1980-40-year-old-kinship
Macallan 30 Year Old Double Cask 2021,"£4,999.00",https://www.whiskyshop.com/macallan-30-year-old-double-cask-2021
Glen Moray Warehouse 1 1998 Barolo Finish ,£145.00,https://www.whiskyshop.com/glen-moray-warehouse-1-1998-barolo-finish
Royal Lochnagar 16 Year Old Diageo Special Release 2021 ,£170.00,https://www.whiskyshop.com/royal-lochnagar-16-year-old-diageo-special-release-2021
Cardhu 14 Year Old Diageo Special Release 2021,£120.00,https://www.whiskyshop.com/cardhu-14-year-old-diageo-special-release-2021
Oban 12 Year Old Diageo Special Release 2021 ,£105.00,https://www.whiskyshop.com/oban-13-year-old-diageo-special-release-2021-56-2
Mortlach 13 Year Old Diageo Special Release 2021 ,£135.00,https://www.whiskyshop.com/mortlach-13-year-old-diageo-special-release-2021
Singleton of Glendullan 19 Year Old Diageo Special Release 2021,£140.00,https://www.whiskyshop.com/singleton-of-glendullan-19-year-old-diageo-special-release-2021
Talisker 8 Year Old Diageo Special Release 2021 ,£90.00,https://www.whiskyshop.com/talisker-8-year-old-diageo-special-release-2021
Glenfiddich 40 Year Old Release No. 16,"£3,299.00",https://www.whiskyshop.com/glenfiddich-40-year-old-2021
Darkness Strathisla 15 Year Old Moscatel Cask Finish,£181.00,https://www.whiskyshop.com/darkness-strathisla-15-year-old-moscatel-cask-finish
Darkness Campbeltown 6 Year Old Oloroso Cask Finish,£58.00,https://www.whiskyshop.com/darkness-campbeltown-6-year-old-oloroso-cask-finish
Monkey Shoulder Fever Tree Gift Pack,£15.00,https://www.whiskyshop.com/monkey-shoulder-fever-tree-gift-pack
Westport 21 Year Old Batch 1 That Boutique-y Whisky Company,£156.00,https://www.whiskyshop.com/westport-21-year-old-batch-1-that-boutique-y-whisky-company
Strathmill 22 Year Old Batch 7 That Boutique-y Whisky Company ,£205.00,https://www.whiskyshop.com/strathmill-22-year-old-batch-7-that-boutique-y-whisky-company
Bruichladdich 28 Year Old Batch 19 That Boutique-y Whisky Company,£217.00,https://www.whiskyshop.com/bruichladdich-28-year-old-batch-19-that-boutique-y-whisky-company
Aultmore 38 Year Old Batch 17 That Boutique-y Whisky Company ,£715.00,https://www.whiskyshop.com/aultmore-38-year-old-batch-17-that-boutique-y-whisky-company
Nc'Nean 3 Year Old Batch 2 That Boutique-y Whisky Company,£72.00,https://www.whiskyshop.com/nc-nean-3-year-old-that-boutique-y-whisky-company
Glengoyne Time Keeper,£48.00,https://www.whiskyshop.com/glengoyne-time-keeper
Glengoyne Time Capsule Pack 3x20cl ,£57.00,https://www.whiskyshop.com/glengoyne-time-capsule-pack-3x20cl
Glengoyne Time Capsule Miniature Pack 3x5cl,£26.00,https://www.whiskyshop.com/glengoyne-time-capsule-miniature-pack-3x5cl
Tobermory 2004 Oloroso Cask Matured,£135.00,https://www.whiskyshop.com/tobermory-2004-oloroso-cask-matured
Deanston 2008 Oloroso Cask Matured,£83.00,https://www.whiskyshop.com/deanston-2008-oloroso-cask-matured
Bunnahabhain Aonadh,£125.00,https://www.whiskyshop.com/bunnahabhain-aonadh
Gordon & MacPhail Ardmore 1991 Cask Strength,£174.00,https://www.whiskyshop.com/ardmore-1991-cask-strength-gordon-macphail
Loch Lomond 12 Year Old Gift Set 3x20cl,£50.00,https://www.whiskyshop.com/loch-lomond-12-year-old-gift-pack-20cl
Loch Lomond 18 Year Old 20cl,£30.00,https://www.whiskyshop.com/loch-lomond-18-year-old-20cl
Loch Lomond 12 Year Old 20cl,£18.00,https://www.whiskyshop.com/loch-lomond-12-year-old-20cl
Glen Scotia Double Cask & 15 Year Old 2x20cl,£35.00,https://www.whiskyshop.com/glen-scotia-double-cask-glen-scotia-15-year-old-dual-pack
Glen Scotia Double Cask 20cl,£23.00,https://www.whiskyshop.com/glen-scotia-double-cask-20cl
Glen Scotia Double Cask & Glass 20cl,£21.00,https://www.whiskyshop.com/glen-scotia-double-cask-glass-20cl
Braes of Glenlivet 1975 Connoisseurs Choice,£475.00,https://www.whiskyshop.com/braes-of-glenlivet-1975-connoisseurs-choice
Kinclaith 1969 40 Year Old,"£3,999.00",https://www.whiskyshop.com/kinclaith-1969-40-year-old
Gordon & MacPhail Glenlivet 1949 ,"£3,850.00",https://www.whiskyshop.com/glenlivet-1949-gordon-macphail
Port Charlotte Islay Barley 2013 ,£67.00,https://www.whiskyshop.com/port-charlotte-islay-barley-2013
Linkwood 1981 Private Collection ,"£1,250.00",https://www.whiskyshop.com/linkwood-1981-private-collection
Singleton of Dufftown 25 Year Old,£330.00,https://www.whiskyshop.com/singleton-of-dufftown-25-year-old
Singleton of Dufftown 21 Year Old,£180.00,https://www.whiskyshop.com/singleton-of-duffton-21-year-old
Character of Islay Bunnahabhain 19 Year Old Wind & Waves 2,£275.00,https://www.whiskyshop.com/bunnahabhain-19yo-wind-and-the-waves-2
Character of Islay Bunnahabhain 10 Year Old Wind & Waves 2,£102.00,https://www.whiskyshop.com/bunnahabhain-2008-10yo-wind-and-the-waves-2
Character of Islay Bowmore 18 Year Old Wind & Waves 2,£275.00,https://www.whiskyshop.com/bowmore-18yo-2002-wind-and-the-waves-2
Loch Lomond 12 Year Old & Glass 20cl,£20.00,https://www.whiskyshop.com/loch-lomond-12yo-glass-20cl
The Octave Laphroaig 2004 16 Year Old,£375.00,https://www.whiskyshop.com/laphroaig-16yo-2004-first-fill-sherry-octave
Benriach Malting Season,£102.00,https://www.whiskyshop.com/benriach-malting-season
Glenburgie 1995 25 Year Old Connoisseurs Choice,£285.00,https://www.whiskyshop.com/glenburgie-1995-25-year-old-connoisseurs-choice-tws-exclusive
GlenDronach 1993 26 Year Old #8635,£395.00,https://www.whiskyshop.com/glendronach-1993-26-year-old-8635-tws-exclusive
Blended Malt #1 25 Year Old That Boutique-y Whisky Company,£131.00,https://www.whiskyshop.com/blended-malt-25-year-old-that-boutique-y-whisky-company
Ailsa Bay 1.2 Gift Set,£60.00,https://www.whiskyshop.com/ailsa-bay-gift-pack
Glenturret 30 Year Old Platinum Old & Rare,£465.00,https://www.whiskyshop.com/glenturret-30-year-old-platinum-old-rare
Dalmore 29 Year Old Platinum Old & Rare,£475.00,https://www.whiskyshop.com/dalmore-29-year-old-platinum-old-rare
Clynelish 27 Year Old Platinum Old & Rare,£500.00,https://www.whiskyshop.com/clynelish-27-year-old-platinium-old-rare
Black Bull Peated Edition,£33.00,https://www.whiskyshop.com/black-bull-peated-edition
Black Bull Kyloe,£29.00,https://www.whiskyshop.com/black-bull-kyloe
Black Bull 12 Year Old ,£41.00,https://www.whiskyshop.com/black-bull-12-year-old
The Kinship Laphroaig 23 Year Old 1997,£539.00,https://www.whiskyshop.com/laphroaig-1997-23-year-old-kinship
The Kinship Ardbeg 19 Year Old 2001,£497.00,https://www.whiskyshop.com/ardbeg-2001-19-year-old-kinship
Velvet Fig Small Batch,£45.00,https://www.whiskyshop.com/velvet-fig-small-batch
Laphroaig 16 Year Old ,£92.00,https://www.whiskyshop.com/laphroaig-16-year-old
Balblair 2006 #78,£191.00,https://www.whiskyshop.com/balblair-2006-78-the-w-club-exclusive
Gordon & MacPhail Smith's Glenlivet 1974 34 Years Old,£670.00,https://www.whiskyshop.com/gordon-macphail-smith-s-glenlivet-1974-34-years-old
Glenlivet 1979 39 Year Old Gordon & MacPhail Archive,£980.00,https://www.whiskyshop.com/glenlivet-1979-39-year-old-cask-19236-g-m-archive
Glen Grant 1951 bottled in 2013 ,"£3,750.00",https://www.whiskyshop.com/gordon-macphail-glen-grant-1951-60-year-old
Glen Scotia Dunnage Tasting Pack,£52.00,https://www.whiskyshop.com/glen-scotia-dunnage-tasting-pack
Laphroaig 15 Year Old 2005 The Character of Islay Whisky Company,£275.00,https://www.whiskyshop.com/laphroaig-15-year-old-2004-the-character-of-islay-whisky-company
Invergordon 50 Year Old That Boutique-y Whisky Company,£360.00,https://www.whiskyshop.com/invergordon-50-year-old-that-boutique-y-whisky-company
Highland Single Malt #1 42 Year Old That Boutique-y Whisky Company,£410.00,https://www.whiskyshop.com/highland-single-malt-1-42-year-old-that-boutique-y-whisky-company
Green Isle,£33.00,https://www.whiskyshop.com/green-isle
Grace Ile 25 Year Old The Character of Islay Whisky Company,£310.00,https://www.whiskyshop.com/grace-ile-25-year-old-the-character-of-islay-whisky-company
Fiona Macleod 33 Year Old The Character of Islay Whisky Company ,£410.00,https://www.whiskyshop.com/fiona-macleod-33-year-old-the-character-of-islay-whisky-company
Darkness Inchfad 13 Year Old Pedro Ximénez Cask,£67.00,https://www.whiskyshop.com/darkness-inchfad-13-year-old-pedro-ximinez-cask
Darkness Caperdonich 24 Year Old Pedro Ximenez Cask,£346.00,https://www.whiskyshop.com/darkness-caperdonich-24-year-old-pedro-ximenez-cask
Darkness Balmenach 18 Year Old Moscatel Cask,£93.00,https://www.whiskyshop.com/darkness-balmenach-18-year-old-moscatel-cask
Port Charlotte Pac: 01 2011,£93.00,https://www.whiskyshop.com/port-charlotte-pac-01-2001
Loch Lomond Peated Single Grain,£27.95,https://www.whiskyshop.com/loch-lomond-peated-single-grain
Aerstone 10 Year Old Land Cask,£31.00,https://www.whiskyshop.com/aerstone-10-year-old-land-cask
Aerstone 10 Year Old Sea Cask ,£31.00,https://www.whiskyshop.com/aerstone-10-year-old-sea-cask
Talisker 43 Year Old Xpedition Oak,"£3,500.00",https://www.whiskyshop.com/talisker-43-year-old-xpedition-oak
Kingsbarns Balcomie,£45.00,https://www.whiskyshop.com/kingsbarns-balcomie
Glenturret Triple Wood 2021,£48.00,https://www.whiskyshop.com/glenturret-triple-wood-2020
Glenturret 30 Year Old,"£1,500.00",https://www.whiskyshop.com/glenturret-30-year-old
Glenturret 15 Year Old,£115.00,https://www.whiskyshop.com/glenturret-15-year-old
Glenturret 12 Year Old,£65.00,https://www.whiskyshop.com/glenturret-12-year-old
Karuizawa 19 Year Old That Boutique-y Whisky Company Batch 3,"£3,295.00",https://www.whiskyshop.com/karuizawa-19-year-old-that-boutique-y-whisky-company
Golden Cask Caol Ila 35 Year Old,£670.00,https://www.whiskyshop.com/caol-ila-35-year-old-golden-cask
Longmorn 1987 33 Year Old Connoisseurs Choice,£870.00,https://www.whiskyshop.com/longmorn-1987-33-year-old-connoisseurs-choice
Strathisla 1987 33 Year Old Connoisseurs Choice,£770.00,https://www.whiskyshop.com/strathisla-1987-33-year-old-connoisseurs-choice
Benrinnes 1990 30 Year Old Connoisseurs Choice,£505.00,https://www.whiskyshop.com/benrinnes-1990-30-year-old-connoisseurs-choice
Littlemill Testament 1976,"£7,999.00",https://www.whiskyshop.com/littlemill-testament-1976
Glenfiddich Grande Couronne 26 Year Old,£450.00,https://www.whiskyshop.com/glenfiddich-grande-couronne-26-year-old
Benriach 21 Year Old The Twenty One,£138.00,https://www.whiskyshop.com/benriach-21-year-old-the-twenty-one
Benriach 25 Year Old The Twenty Five,£312.00,https://www.whiskyshop.com/benriach-25-year-oldd
Benriach Smoke Season,£51.00,https://www.whiskyshop.com/benriach-the-smoke-season
Glengoyne 18 Year Old,£115.00,https://www.whiskyshop.com/glengoyne-18-year-old
Glengoyne 12 Year Old,£42.00,https://www.whiskyshop.com/glengoyne-12-year-old
Glengoyne 10 Year Old,£38.00,https://www.whiskyshop.com/glengoyne-10-year-old
Monkey Shoulder ,£28.00,https://www.whiskyshop.com/monkey-shoulder
Loch Lomond 14 Year Old,£57.00,https://www.whiskyshop.com/loch-lomond-14-year-old
Rare Find Tranquillity 1985 Highland Single Malt,£395.00,https://www.whiskyshop.com/rare-find-tranquillity-1985-highland-single-malt
Loch Lomond 20 Year Old Open Course Collection Royal St George’s,£166.00,https://www.whiskyshop.com/loch-lomond-20-year-old-open-course-collection-royal-st-georges
Johnnie Walker Blue Label Legendary Eight,£285.00,https://www.whiskyshop.com/johnnie-walker-blue-label-legendary-eight
Bunnahabhain 30 Year Old,£510.00,https://www.whiskyshop.com/bunnahabhain-30-year-old
Benromach 21 Year Old,£130.00,https://www.whiskyshop.com/benromach-21-year-old
John Walker & Sons King George V,£570.00,https://www.whiskyshop.com/john-walker-sons-king-george-v
Paul John Christmas Edition 2020,£72.00,https://www.whiskyshop.com/paul-john-christmas-edition-2020
Compass Box Magic Cask,£163.00,https://www.whiskyshop.com/compass-box-magic-cask
Balblair 1990 29 Year Old Connoisseurs Choice ,£640.00,https://www.whiskyshop.com/balblair-1990-connoisseurs-choice
Benriach 2005 UK Exclusive Pedro Ximenez Cask #5278,£105.00,https://www.whiskyshop.com/benriach-2005-uk-exclusive-pedro-ximenez-cask-5278
Benriach 2005 UK Exclusive Peated Rum Cask #7553,£120.00,https://www.whiskyshop.com/benriach-2005-14-year-old-7553
Black Bottle 10 Year Old,£26.00,https://www.whiskyshop.com/black-bottle-10-year-old
Character of Islay Bowmore 18 Year Old Wind & Waves #11714,£305.00,https://www.whiskyshop.com/bowmore-18-year-old-wind-waves-11714
The Singleton of Glen Ord 38 Year Old Epicurean Odyssey,"£2,100.00",https://www.whiskyshop.com/the-singleton-of-glen-ord-38-year-old-epicurean-odyssey
Drinks By The Dram Whisky Baubles ,£41.00,https://www.whiskyshop.com/drinks-by-the-dram-whisky-baubles
Compass Box Peat Monster Arcana,£77.00,https://www.whiskyshop.com/compass-box-arcana
anCnoc 2007 #660,£97.00,https://www.whiskyshop.com/ancnoc-2007-660
Wemyss Malts Bunnahabhain 1990 28 Year Old Boat Captain's Brew,£246.00,https://www.whiskyshop.com/bunnahabhain-1990-28-year-old-boat-captains-brew
Singleton of Dufftown 12 Year Old Tumbler Gift Set,£42.00,https://www.whiskyshop.com/singleton-of-dufftown-12-year-old-tumbler-gift-set
Johnnie Walker 18 Year Old Glass Gift Set,£75.00,https://www.whiskyshop.com/johnnie-walker-18-year-old-glass-gift-set
Johnnie Walker Black Label Gift Tin,£28.00,https://www.whiskyshop.com/johnnie-walker-black-label-gift-tin
Johnnie Walker Gold Label Glass Gift Set,£50.00,https://www.whiskyshop.com/johnnie-walker-gold-label-glass-gift-set
Compass Box Spice Tree Extravaganza,£93.00,https://www.whiskyshop.com/compass-box-spice-tree-extravaganza
Compass Box Rogues Banquet,£191.00,https://www.whiskyshop.com/compass-box-rogues-banquet
Compass Box Juveniles,£90.00,https://www.whiskyshop.com/compass-box-juveniles
Compass Box Flaming Heart,£125.00,https://www.whiskyshop.com/compass-box-flaming-heart
Gordon & MacPhail Glen Grant 1954 59 Year Old,"£2,500.00",https://www.whiskyshop.com/gordon-macphail-glen-grant-1954-59-year-old
Gordon & MacPhail Mortlach 1949 51 Year Old,"£3,999.00",https://www.whiskyshop.com/gordon-macphail-mortlach-1949-51-year-old
Bowmore 15 Year Old Glass Gift Set,£65.00,https://www.whiskyshop.com/bowmore-15-year-old-glass-gift-set
Johnnie Walker Blue Label 200th Anniversary,£215.00,https://www.whiskyshop.com/johnnie-walker-blue-label-200th-anniversary
GlenAllachie 9 Year Old Rye Cask Finish,£53.00,https://www.whiskyshop.com/glenallachie-9-year-old-rye-cask-finish
Darkness 8 Year Old,£48.00,https://www.whiskyshop.com/darkness-8-year-old
Character of Islay Tasting Set Pack,£31.00,https://www.whiskyshop.com/character-of-islay-tasting-set-pack
Aerolite Lyndsay Islay 10 Year Old,£38.00,https://www.whiskyshop.com/aerolite-lyndsay-islay-10-year-old
Dalmore 12 Year Old Sherry Cask Select,£71.00,https://www.whiskyshop.com/dalmore-12-year-old-sherry-cask
Deanston 1991 Muscat Cask Finish,£280.00,https://www.whiskyshop.com/deanston-1991-muscat-cask-finish
Fettercairn 46 Year Old,"£8,500.00",https://www.whiskyshop.com/fettercairn-46-year-old
Deanston 2002 Pinot Noir Cask,£105.00,https://www.whiskyshop.com/deanston-2002-pinot-noir-cask
Deanston 2002 Organic,£128.00,https://www.whiskyshop.com/deanston-2002-organic
Bunnahabhain 1997 Moine,£380.00,https://www.whiskyshop.com/bunnahabhain-1997-moine
Tobermory 23 Year Old,£275.00,https://www.whiskyshop.com/tobermory-23-year-old
Benriach The Smoky Ten,£40.00,https://www.whiskyshop.com/catalog/product/view/id/7899/s/benriach-smoky-ten/category/246/
Benriach The Original Ten,£37.00,https://www.whiskyshop.com/benriach-original-ten
Benriach The Smoky Twelve,£46.00,https://www.whiskyshop.com/benriach-the-smoky-twelve
Benriach The Twelve,£42.00,https://www.whiskyshop.com/benriach-the-twelve
Cardhu 11 Year Old Special Releases 2020,£88.00,https://www.whiskyshop.com/cardhu-11-year-old-special-releases-2020
Talisker 8 Year Old Special Releases 2020,£93.00,https://www.whiskyshop.com/talisker-8-year-old-special-releases-2020
Loch Lomond The English Open Sauternes Cask,£88.00,https://www.whiskyshop.com/loch-lomond-the-english-open
Loch Lomond British Masters Limousin Oak Cask,£88.00,https://www.whiskyshop.com/loch-lomond-british-masters
Loch Lomond The English Championship Rum Cask,£93.00,https://www.whiskyshop.com/loch-lomond-the-english-championship
Loch Lomond The UK Championship Tawny Port Cask,£93.00,https://www.whiskyshop.com/loch-lomond-the-uk-championship
The Glenlivet Spectra,£110.00,https://www.whiskyshop.com/glenlivet-spectra
Teacher's Highland Cream,£18.00,https://www.whiskyshop.com/teachers-highland-cream-whisky
Balvenie The Edge of Burnhead Wood 19 Year Old,£265.00,https://www.whiskyshop.com/balvenie-the-edge-of-burnhead-wood-19-year-old
Macallan Exceptional Single Cask 2019/ESB-5542/02,,https://www.whiskyshop.com/macallan-exceptional-single-cask-2019-esb-5542-02
Glenkeir Treasures Twin Casks Secret Highland 11 Year Old,£70.00,https://www.whiskyshop.com/glenkeir-treasures-twin-casks-secret-highland-11-year-old
Ardbeg 1972 VELIER,"£6,995.00",https://www.whiskyshop.com/ardbeg-1972-velier
Stylish Whisky Mini Nessie Decanter 10cl,£29.00,https://www.whiskyshop.com/stylish-whisky-mini-nessie-decanter-10cl
Stylish Whisky Mini Golf Decanter 10cl,£29.00,https://www.whiskyshop.com/stylish-whisky-mini-golf-decanter-10cl
Arran Sherry Cask The Bodega,£54.00,https://www.whiskyshop.com/arran-sherry-cask-the-bodega
Arran Quarter Cask The Bothy,£49.00,https://www.whiskyshop.com/arran-quarter-cask-the-bothy
Jura 1989,£620.00,https://www.whiskyshop.com/jura-1989
Glen Moray Rhum Agricole,£61.00,https://www.whiskyshop.com/glen-moray-rhum-agricole
Glenrothes Whisky Maker's Cut,£56.00,https://www.whiskyshop.com/glenrothes-whisky-maker-s-cut
Johnnie Walker Sweet Peat,£31.00,https://www.whiskyshop.com/johnnie-walker-sweet-peat
Benromach 15 Year Old,£66.00,https://www.whiskyshop.com/benromach-15-year-old
Bowmore Feis Ile 2019 Cask #666,"£2,499.00",https://www.whiskyshop.com/bowmore-feis-ile-2019-cask-666
GlenAllachie 15 Year Old,£67.00,https://www.whiskyshop.com/glenallachie-15-year-old
1770 Glasgow Peated,£50.00,https://www.whiskyshop.com/1770-peated-no-1
The Loch Fyne Gift Box Pick 'n' Mix, £38.00,https://www.whiskyshop.com/the-loch-fyne-gift-builder
The Lost Distillery Co. Discovery Selection Gift Pack 3x5cl,£26.00,https://www.whiskyshop.com/the-lost-distillery-co-discovery-selection-gift-pack-3x5cl
Bruichladdich The Classic Laddie Scottish Barley Gift Pack,£50.00,https://www.whiskyshop.com/bruichladdich-the-classic-laddie-scottish-barley-gift-pack
Balblair 25 Year Old,£499.00,https://www.whiskyshop.com/balblair-25-year-old
Glenfiddich Grand Cru 23 Year Old, £240.00,https://www.whiskyshop.com/glenfiddich-grand-cru-23-year-old
Johnnie Walker Taster Gift Set 3x5cl,£12.00,https://www.whiskyshop.com/johnnie-walker-taster-gift-set-3x5cl
The Last Drop 56 Year Old Blended Scotch Whisky,"£3,750.00",https://www.whiskyshop.com/the-last-drop-56-year-old
Johnnie Walker Blue Label Ghost & Rare: Glenury Royal,£285.00,https://www.whiskyshop.com/johnnie-walker-blue-label-ghost-rare-glenury-royal
Jura Gift Pack 3x5cl,£22.00,https://www.whiskyshop.com/jura-gift-pack-3x5cl
GlenAllachie 12 Year Old,£48.00,https://www.whiskyshop.com/glenallachie-12-year-old
Old Pulteney 25 Year Old - 2019,£399.00,https://www.whiskyshop.com/old-pulteney-25-year-old-2019
Talisker 41 Year Old,"£2,900.00",https://www.whiskyshop.com/talisker-41-year-old
Stylish Whisky Golf Club Decanter 20cl,£49.00,https://www.whiskyshop.com/stylish-whisky-golf-club-decanter-20cl
Speyburn Bradan Orach,£30.00,https://www.whiskyshop.com/speyburn-bradan-orach
Pot Still Decanter with Tap & 2 Glasses,£89.00,https://www.whiskyshop.com/pot-still-tap-and-glasses
The Lost Distillery Co. Dalaruan,£52.00,https://www.whiskyshop.com/the-lost-distillery-co-dalaruan
Auchentoshan Gift Pack 3x5cl,£33.00,https://www.whiskyshop.com/auchentoshan-gift-pack-3x5cl
Loch Lomond 12 Year Old Taster Pack,£22.00,https://www.whiskyshop.com/loch-lomond-12-year-old-taster-pack
Benromach Cask Strength 2009,£57.00,https://www.whiskyshop.com/benromach-cask-strength-2009
Kilchoman Sanaig 20cl,£25.00,https://www.whiskyshop.com/kilchoman-sanaig-20cl
Loch Lomond Single Grain,£28.00,https://www.whiskyshop.com/loch-lomond-single-grain
Loch Lomond Signature,£31.00,https://www.whiskyshop.com/loch-lomond-signature
Loch Lomond Original,£26.00,https://www.whiskyshop.com/loch-lomond-original
Kilchoman Machir Bay Glass Set,£52.00,https://www.whiskyshop.com/kilchoman-marchir-bay-1
Piper Decanter,£89.00,https://www.whiskyshop.com/piper-decanter
Kilchoman Machir Bay 20cl,£25.00,https://www.whiskyshop.com/kilchoman-marchir-bay-20cl
Jura 21 Year Old Tide,£135.00,https://www.whiskyshop.com/jura-21-year-old-tide
Stylish Whisky Globe Decanter 20cl,£49.00,https://www.whiskyshop.com/stylish-whisky-globe-decanter-20cl
Bruichladdich Islay Barley 20cl,£29.00,https://www.whiskyshop.com/bruichladdich-islay-barley-20cl
Bruichladdich The Classic Laddie 20cl,£27.00,https://www.whiskyshop.com/bruichladdich-the-classic-laddie-20cl
Kilchoman Machir Bay,£44.00,https://www.whiskyshop.com/kilchoman-marchir-bay
1770 Glasgow Single Malt,£50.00,https://www.whiskyshop.com/1770-glasgow-malt
Balvenie The Week of Peat 14 Year Old,£71.00,https://www.whiskyshop.com/balvenie-the-week-of-peat-14-year-old
Balvenie The Sweet Toast of American Oak 12 Year Old,£47.00,https://www.whiskyshop.com/balvenie-the-sweet-toast-of-american-oak-12-year-old
Whisky Works King of Trees 10 Year Old,£65.00,https://www.whiskyshop.com/whisky-works-king-of-trees-10-year-old
Tobermory 12 Year Old,£46.00,https://www.whiskyshop.com/tobermory-12-year-old
Balblair 18 Year Old,£127.00,https://www.whiskyshop.com/balblair-18-year-old
Kingsbarns Dream to Dram,£50.00,https://www.whiskyshop.com/kingsbarns-dream-to-dram
Balblair 12 Year Old,£45.00,https://www.whiskyshop.com/balblair-12-year-old
Compass Box The Spaniard,£52.00,https://www.whiskyshop.com/compass-box-the-spaniard
Glenglassaugh Evolution,£46.00,https://www.whiskyshop.com/glenglassaugh-evolution
Balvenie 1971 DCS Chapter 4,"£20,995.00",https://www.whiskyshop.com/balvenie-1971-dcs-chapter-4
Glen Moray Mastery,£930.00,https://www.whiskyshop.com/glen-moray-mastery
Glenkeir Treasures Secret Islay,£55.00,https://www.whiskyshop.com/glenkeir-treasures-secret-islay
Glen Scotia Victoriana, £73.00,https://www.whiskyshop.com/glen-scotia-victoriana
Talisker 1953 24 Year Old Connoisseur's Choice,"£3,000.00",https://www.whiskyshop.com/talisker-1953-24-year-old-connoisseur-s-choice
Talisker 1952 21 Year Old Connoisseur's Choice,"£2,500.00",https://www.whiskyshop.com/talisker-1952-21-year-old-connoisseur-s-choice
Johnnie Walker Green Label,£42.00,https://www.whiskyshop.com/johnnie-walker-green-label
Glenmorangie Original,£37.00,https://www.whiskyshop.com/glenmorangie-original
Scotland in a Box,£71.00,https://www.whiskyshop.com/scotland-in-a-box
Port Charlotte Islay Barley 2012 ,£67.00,https://www.whiskyshop.com/port-charlotte-islay-barley
Glenfarclas 1984 ,"£5,500.00",https://www.whiskyshop.com/glenfarclas-1984
Glenfarclas 1975 ,"£5,900.00",https://www.whiskyshop.com/glenfarclas-1975
Glenfarclas 1974,"£3,500.00",https://www.whiskyshop.com/glenfarclas-1974
Glenfarclas 1973,"£3,500.00",https://www.whiskyshop.com/glenfarclas-1973
Glenfarclas 1967,"£3,999.00",https://www.whiskyshop.com/glenfarclas-1967
Glenfarclas 1965,"£3,999.00",https://www.whiskyshop.com/glenfarclas-1965
Glenfarclas 1961,"£4,400.00",https://www.whiskyshop.com/glenfarclas-1961
Glenfarclas 1957,"£10,850.00",https://www.whiskyshop.com/glenfarclas-1957
Stag's Breath,£18.00,https://www.whiskyshop.com/stag-s-breath
Glenfiddich 15 Year Old Solera 20cl,£28.00,https://www.whiskyshop.com/glenfiddich-15-year-old-solera-20cl
Cragganmore Distillers Edition ,£62.00,https://www.whiskyshop.com/cragganmore-distillers-edition
Strathmill 12 year old ,£46.00,https://www.whiskyshop.com/strathmill-12-year-old
Singleton of Dufftown 15 Year Old,£50.00,https://www.whiskyshop.com/singleton-of-dufftown-15-year-old
Blairmhor 8 Year Old 35cl,£21.00,https://www.whiskyshop.com/blairmhor-8-year-old-35cl
Singleton of Dufftown 18 Year Old,£63.00,https://www.whiskyshop.com/singleton-of-dufftown-18-year-old
Robert Burns Blend ,£21.00,https://www.whiskyshop.com/robert-burns-blend
Compass Box The Peat Monster ,£47.00,https://www.whiskyshop.com/compass-box-the-peat-monster
Knockando 12 year old ,£38.00,https://www.whiskyshop.com/knockando-12-year-old
Glenlossie 10 year old,£50.00,https://www.whiskyshop.com/glenlossie-10-year-old
The Glenlivet 12 Year Old,£37.00,https://www.whiskyshop.com/the-glenlivet-12-year-old
Glenkinchie 12 year old 20cl,£16.00,https://www.whiskyshop.com/glenkinchie-12-year-old-20cl
Glenglassaugh 40 Year Old Whisky,"£1,600.00",https://www.whiskyshop.com/glenglassaugh-40-year-old-teardrop
Dalwhinnie 15 Year Old 20cl,£14.00,https://www.whiskyshop.com/dalwhinnie-15-year-old-20cl
Cragganmore 12 Year Old 20cl,£16.00,https://www.whiskyshop.com/cragganmore-12-year-old-20cl
Chivas Regal 12 Year Old ,£35.00,https://www.whiskyshop.com/chivas-regal-12-year-old-whisky
Bunnahabhain 25 Year Old,£365.00,https://www.whiskyshop.com/bunnahabhain-25-year-old
Black Bottle,£19.00,https://www.whiskyshop.com/black-bottle
Balvenie Miniature Pack 3x5cl,£24.00,https://www.whiskyshop.com/balvenie-miniature-pack-3x5cl
Arran Machrie Moor ,£50.00,https://www.whiskyshop.com/arran-machrie-moor
Arran Sauternes Wood Finish ,£47.00,https://www.whiskyshop.com/arran-sauternes-wood-finish
Whyte & Mackay ,£19.00,https://www.whiskyshop.com/whyte-mackay
Teaninich 10 Year Old,£47.00,https://www.whiskyshop.com/teaninich-10-year-old
Mannochmore 12 Year Old,£81.00,https://www.whiskyshop.com/mannochmore-12-year-old
Johnnie Walker Red Label,£20.00,https://www.whiskyshop.com/johnnie-walker-red-label
Glen Spey 12 Year Old ,£48.00,https://www.whiskyshop.com/glen-spey-12-year-old
Johnnie Walker Blenders' Batch Directors Edition 2016,"£2,995.00",https://www.whiskyshop.com/johnnie-walker-blenders-batch-directors-edition-2016
Aberlour Casg Annamh,£55.00,https://www.whiskyshop.com/aberlour-casg-annamh
Compass Box Malt Whisky Collection,£24.00,https://www.whiskyshop.com/compass-box-malt-whisky-collection
Benrinnes 15 Year Old,£52.00,https://www.whiskyshop.com/benrinnes-15-year-old
Glenrothes 18 Year Old,£105.00,https://www.whiskyshop.com/glenrothes-18-year-old
Lost Distillery Co. Gift Pack,£37.00,https://www.whiskyshop.com/the-lost-distillery-co-gift-pack
Johnnie Walker Gold Label Gift Pack,£54.00,https://www.whiskyshop.com/johnnie-walker-gold-label-gift-pack
Monkey Shoulder Smokey Monkey,£33.00,https://www.whiskyshop.com/monkey-shoulder-smokey-monkey
Mortlach 12 Year Old The Wee Witchie,£45.00,https://www.whiskyshop.com/mortlach-12-year-old-the-wee-witchie
Mortlach 20 Year Old Cowie's Blue Seal,£180.00,https://www.whiskyshop.com/mortlach-20-year-old-cowie-s-blue-seal
Jura 1988,£670.00,https://www.whiskyshop.com/jura-1988
Glenfiddich Fire & Cane,£44.00,https://www.whiskyshop.com/glenfiddich-fire-cane
Ailsa Bay 1.2 Sweet Smoke,£56.00,https://www.whiskyshop.com/ailsa-bay-1-2
Fettercairn 40 Year Old,"£3,000.00",https://www.whiskyshop.com/fettercairn-40-year-old
Old Pulteney 18 Year Old,£118.00,https://www.whiskyshop.com/old-pulteney-18-year-old
Old Pulteney 15 Year Old,£70.00,https://www.whiskyshop.com/old-pulteney-15-year-old
Old Pulteney Huddart,£45.00,https://www.whiskyshop.com/old-pulteney-huddart
Macallan M Black,"£8,000.00",https://www.whiskyshop.com/macallan-m-black
The Glenlivet Captain's Reserve,£47.00,https://www.whiskyshop.com/the-glenlivet-captain-s-reserve
The Loch Fyne Blend 5cl,£7.00,https://www.whiskyshop.com/the-loch-fyne-blend-5cl
Classic Malts Gentle Collection,£47.00,https://www.whiskyshop.com/classic-malts-gentle-collection
Classic Malts Coastal Collection,£47.00,https://www.whiskyshop.com/classic-malts-coastal-collection
Golf Ball on Tee with Tap,£89.00,https://www.whiskyshop.com/golf-ball-on-tee-with-tap
Johnnie Walker Blue Label, £155.00,https://www.whiskyshop.com/johnnie-walker-blue-label
Johnnie Walker Black Label,£28.00,https://www.whiskyshop.com/johnnie-walker-black-label
Jura 18 Year Old,£70.00,https://www.whiskyshop.com/jura-18-year-old
Jura Seven Wood,£60.00,https://www.whiskyshop.com/jura-seven-wood
Bunnahabhain Toiteach A Dha,£44.00,https://www.whiskyshop.com/bunnahabhain-toiteach-a-dha
Spice Tree ,£49.00,https://www.whiskyshop.com/spice-tree
Macallan 12 Year Old Double Cask,£75.00,https://www.whiskyshop.com/macallan-12-year-old-double-cask
Bunnahabhain 1980 Canasta Cask Finish,"£1,800.00",https://www.whiskyshop.com/bunnahabhain-1980-canasta-cask-finish
Jura 12 Year Old,£35.00,https://www.whiskyshop.com/jura-12-year-old
Dalmore Port Wood Reserve,£69.00,https://www.whiskyshop.com/dalmore-port-wood-reserve
Caol Ila 12 Year Old 20cl,£15.00,https://www.whiskyshop.com/caol-ila-12-year-old-20cl
Shackleton Blended Malt Scotch, £35.00,https://www.whiskyshop.com/shackleton-blended-malt-scotch
Bunnahabhain Stiuireadair,£39.00,https://www.whiskyshop.com/bunnahabhain-stiuireadair
Globe Decanter & 4 Glasses,£89.00,https://www.whiskyshop.com/globe-and-4-glasses
Glenfiddich 21 Year Old 20cl,£50.00,https://www.whiskyshop.com/glenfiddich-21-year-old-20cl
Barrel and 2 Glasses,£89.00,https://www.whiskyshop.com/barrel-and-2-glasses
Auchentoshan Gift Pack 3 x 20cl,£71.00,https://www.whiskyshop.com/auchentoshan-gift-pack-3x20cl
Barley Tap and 2 Glasses,£89.00,https://www.whiskyshop.com/barley-tap-and-2-glasses
Aberlour A'bunadh,£80.00,https://www.whiskyshop.com/aberlour-abunadh
Glenfiddich Project XX,£49.00,https://www.whiskyshop.com/glenfiddich-project-xx
The Lost Distillery Co. Lossit,£52.00,https://www.whiskyshop.com/the-lost-distillery-co-lossit
Arran 10 Year Old,£39.00,https://www.whiskyshop.com/arran-10-year-old
Glenglassaugh Torfa,£55.00,https://www.whiskyshop.com/glenglassaugh-torfa
Caol Ila Moch,£55.00,https://www.whiskyshop.com/caol-ila-moch
BenRiach Heart of Speyside,£43.00,https://www.whiskyshop.com/benriach-heart-of-speyside
The Lost Distillery Co. Gerston,£52.00,https://www.whiskyshop.com/the-lost-distillery-co-gerston
Loch Lomond Taster Pack,£21.00,https://www.whiskyshop.com/loch-lomond-taster-pack
Chivas Regal 18 Year Old,£58.00,https://www.whiskyshop.com/chivas-regal-18-year-old
Aberlour 12 Year Old,£41.00,https://www.whiskyshop.com/aberlour-12-year-old
The Loch Fyne Whisky Taster Pack,£26.00,https://www.whiskyshop.com/the-loch-fyne-whisky-gift-pack
anCnoc 18 Year Old,£80.00,https://www.whiskyshop.com/ancnoc-18-year-old
Laphroaig Quarter Cask,£41.00,https://www.whiskyshop.com/laphroaig-quarter-cask
Highland Park 40 Year Old 2019 Release,"£2,999.00",https://www.whiskyshop.com/highland-park-40-year-old-2019-release
Talisker Storm,£43.00,https://www.whiskyshop.com/talisker-storm
The Lost Distillery Co. Auchnagie,£52.00,https://www.whiskyshop.com/the-lost-distillery-co-auchnagie
Benromach 10 Year Old,£37.00,https://www.whiskyshop.com/benromach-10-year-old
Loch Lomond Inchmoan 12 Year Old,£40.00,https://www.whiskyshop.com/inchmoan-12-year-old
Talisker Port Ruighe,£50.00,https://www.whiskyshop.com/talisker-port-ruighe
Glen Scotia Taster Pack,£25.00,https://www.whiskyshop.com/glen-scotia-taster-pack
Auchentoshan Three Wood,£49.00,https://www.whiskyshop.com/auchentoshan-three-wood
Glen Scotia 25 Year Old,£495.00,https://www.whiskyshop.com/glen-scotia-25-year-old
Benromach Organic,£46.00,https://www.whiskyshop.com/benromach-organic
Dalmore King Alexander III,£199.00,https://www.whiskyshop.com/dalmore-king-alexander-iii
Glen Scotia 18 Year Old,£110.00,https://www.whiskyshop.com/glen-scotia-18-year-old
Loch Lomond Inchmurrin 12 Year Old,£40.00,https://www.whiskyshop.com/inchmurrin-12-year-old
Cragganmore 12 Year Old,£38.00,https://www.whiskyshop.com/cragganmore-12-year-old
Arran Gold Cream Liqueur,£19.00,https://www.whiskyshop.com/arran-gold-cream-liqueur
Highland Park 21 Year Old,£210.00,https://www.whiskyshop.com/highland-park-21-year-old
Glenmorangie Quinta Ruban,£55.00,https://www.whiskyshop.com/glenmorangie-quinta-ruban
Dalmore Cigar Malt,£82.00,https://www.whiskyshop.com/dalmore-cigar-malt
Bowmore 18 Year Old, £95.00,https://www.whiskyshop.com/bowmore-18-year-old
Oban 14 Year Old 20cl,£19.00,https://www.whiskyshop.com/oban-14-year-old-20cl
Deanston Virgin Oak,£36.00,https://www.whiskyshop.com/deanston-virgin-oak
Glen Moray 18 Year Old,£74.00,https://www.whiskyshop.com/glen-moray-18-year-old
Ledaig 18 Year Old,£80.00,https://www.whiskyshop.com/ledaig-18-year-old
Highland Park 18 Year Old,£105.00,https://www.whiskyshop.com/highland-park-18-year-old
Speyburn 15 Year Old,£50.00,https://www.whiskyshop.com/speyburn-15-year-old
Glenmorangie Nectar d'Or,£59.00,https://www.whiskyshop.com/glenmorangie-nectar-d-or
Oban Little Bay, £54.00,https://www.whiskyshop.com/oban-little-bay
Hibiki 17 Year Old,£830.00,https://www.whiskyshop.com/hibiki-17-year-old
Glen Moray 15 Year Old,£49.00,https://www.whiskyshop.com/glen-moray-15-year-old
Speyburn 10 Year Old,£38.00,https://www.whiskyshop.com/speyburn-10-year-old
Dailuaine 16 Year Old,£59.00,https://www.whiskyshop.com/dailuaine-16-year-old
Cardhu 18 Year Old,£80.00,https://www.whiskyshop.com/cardhu-18-year-old
Bunnahabhain 18 Year Old, £120.00,https://www.whiskyshop.com/bunnahabhain-18-year-old
Bruichladdich The Classic Laddie Scottish Barley,£44.00,https://www.whiskyshop.com/bruichladdich-the-classic-laddie-scottish-barley
Bowmore 15 Year Old, £62.00,https://www.whiskyshop.com/bowmore-15-year-old
Balvenie 14 Year Old Caribbean Cask,£60.00,https://www.whiskyshop.com/balvenie-14-year-old-caribbean-cask
Auchentoshan 18 Year Old,£85.00,https://www.whiskyshop.com/auchentoshan-18-year-old
Ardbeg Uigeadail, £63.00,https://www.whiskyshop.com/ardbeg-uigeadail
Loch Lomond 18 Year Old, £85.00,https://www.whiskyshop.com/loch-lomond-18-year-old
Clynelish 14 Year Old 20cl,£17.00,https://www.whiskyshop.com/clynelish-14-year-old-20cl
Scapa Skiren,£45.00,https://www.whiskyshop.com/scapa-skiren
Glen Scotia Double Cask,£40.00,https://www.whiskyshop.com/glen-scotia-double-cask
Glen Moray 12 Year Old,£37.00,https://www.whiskyshop.com/glen-moray-12-year-old
Deanston 18 Year Old,£64.00,https://www.whiskyshop.com/deanston-18-year-old
The Glenlivet 15 Year Old,£55.00,https://www.whiskyshop.com/the-glenlivet-15-year-old
Lagavulin 16 Year Old, £75.00,https://www.whiskyshop.com/lagavulin-16-year-old
Glenkinchie 12 Year Old,£42.00,https://www.whiskyshop.com/glenkinchie-12-year-old
Dalmore 15 Year Old,£89.00,https://www.whiskyshop.com/dalmore-15-year-old
Cardhu 15 Year Old,£50.00,https://www.whiskyshop.com/cardhu-15-year-old
Bunnahabhain 12 Year Old, £46.00,https://www.whiskyshop.com/bunnahabhain-12-year-old
Bruichladdich Islay Barley,£69.00,https://www.whiskyshop.com/bruichladdich-islay-barley
Balvenie 12 Year Old Single Barrel First Fill,£60.00,https://www.whiskyshop.com/balvenie-12-year-old-single-barrel-first-fill
Ardbeg Corryvreckan,£76.00,https://www.whiskyshop.com/ardbeg-corryvreckan
Loch Lomond 12 Year Old , £40.00,https://www.whiskyshop.com/loch-lomond-12-year-old
The Loch Fyne Chocolate & Orange Liqueur,£30.00,https://www.whiskyshop.com/the-loch-fyne-chocolate-orange-liqueur
Talisker 10 Year Old,£43.00,https://www.whiskyshop.com/talisker-10-year-old
Singleton of Dufftown 12 Year Old,£37.00,https://www.whiskyshop.com/singleton-of-dufftown-12-year-old
Old Pulteney 12 Year Old,£33.00,https://www.whiskyshop.com/old-pulteney-12-year-old
Oban 14 Year Old,£73.00,https://www.whiskyshop.com/oban-14-year-old
Ledaig 10 Year Old,£41.00,https://www.whiskyshop.com/ledaig-10-year-old
GlenDronach 12 Year Old,£45.00,https://www.whiskyshop.com/glendronach-12-year-old
Deanston 12 Year Old,£39.00,https://www.whiskyshop.com/deanston-12-year-old
Dalwhinnie 15 Year Old,£43.00,https://www.whiskyshop.com/dalwhinnie-15-year-old
Dalmore 12 Year Old,£55.00,https://www.whiskyshop.com/dalmore-12-year-old
Craigellachie 13 Year Old,£52.00,https://www.whiskyshop.com/craigellachie-13-year-old
Cardhu 12 Year Old,£39.00,https://www.whiskyshop.com/cardhu-12-year-old
Caol Ila 12 Year Old, £45.00,https://www.whiskyshop.com/caol-ila-12-year-old
Blair Athol 12 Year Old,£49.00,https://www.whiskyshop.com/blair-athol-12-year-old
Balvenie 12 Year Old DoubleWood,£46.00,https://www.whiskyshop.com/balvenie-12-year-old-doublewood
Auchroisk 10 Year Old,£50.00,https://www.whiskyshop.com/auchroisk-10-year-old
Auchentoshan 12 Year Old,£39.00,https://www.whiskyshop.com/auchentoshan-12-year-old
Ardbeg 10 Year Old ,£46.00,https://www.whiskyshop.com/ardbeg-10-year-old-whisky
anCnoc 12 Year Old,£32.00,https://www.whiskyshop.com/ancnoc-12-year-old
Balvenie 50 Year Old Marriage #0614,"£34,250.00",https://www.whiskyshop.com/balvenie-50-year-old-cask-0614
The Singleton 54 Year Old Paragon of Time II,"£28,850.00",https://www.whiskyshop.com/singleton-54-year-old
Fettercairn 50 Year Old,"£17,995.00",https://www.whiskyshop.com/fettercairn-50-year-old
Darkness Glenrothes 12 Year Old,£77.00,https://www.whiskyshop.com/darkness-glenrothes-12-year-old-tws-exclusive
The Octave Bunnahabhain 2014 7 Year Old #3832397,£89.00,https://www.whiskyshop.com/the-octave-bunnahabhain-2014-7-year-old-3832397
The Octave Ben Nevis 2012 9 Year Old #3633067,£95.00,https://www.whiskyshop.com/the-octave-ben-nevis-2012-9-year-old-3633067
The Octave Glengarioch 2012 10 Year Old #4633187,£99.00,https://www.whiskyshop.com/the-octave-glengarioch-2012-10-year-old-4633187
Fettercairn Warehouse 2 Batch 3,£60.00,https://www.whiskyshop.com/fettercairn-warehouse-2-batch-3
The Irishman The Harvest,,https://www.whiskyshop.com/the-irishman-the-harvest
Bushmills 1992 Cognac Cask 28 Year Old The Causeway Collection,"£1,495.00",https://www.whiskyshop.com/bushmills-1992-cognac-cask-28-year-old-the-causeway-collection
Cask Treasures Glen Moray 2008 12 Year Old,£65.00,https://www.whiskyshop.com/cask-treasures-glen-moray-12-year-old-2008
Glen Scotia 2015 Ruby Port 21/77-2,£55.00,https://www.whiskyshop.com/glen-scotia-2015-ruby-port-21-77-2
BenRiach 30 Year Old ,£650.00,https://www.whiskyshop.com/benriach-30-year-old
The Glenlivet 80 Year Old Generations Gordon & MacPhail,"£100,000.00",https://www.whiskyshop.com/glenlivet-80-year-old-generations
The Octave Glengarioch 2012 9 Year Old ,£99.00,https://www.whiskyshop.com/the-octave-glengarioch-2012-9-year-old
The Octave Ardmore 2010 11 Year Old,£115.00,https://www.whiskyshop.com/the-octave-ardmore-2010-11-year-old
Ardnamurchan Single Malt AD 10.21:06 ,£46.00,https://www.whiskyshop.com/ardnamurchan-single-malt-ad-10-21-06
Glen Moray 2008 Warehouse 1 Manzanilla Finish,£74.95,https://www.whiskyshop.com/glen-moray-2008-warhouse-1-manzanilla-finish
Glengoyne 36 Year Old Russell Family Cask,"£3,595.00",https://www.whiskyshop.com/glengoyne-36-year-old-russell-family-cask
First Editions Laphroaig 2004 16 Year Old ,£299.00,https://www.whiskyshop.com/first-editions-laphroaig-2004-16-year-old
Dalmore 12 Year Old Pedestal Gift Tin ,£60.00,https://www.whiskyshop.com/dalmore-12-year-old-pedestal-gift-tin
Bunnahabhain 12 Year Old Cask Strength ,£75.00,https://www.whiskyshop.com/bunnahabhain-12-year-old-cask-strength
The Macallan Harmony Collection Rich Cacao,,https://www.whiskyshop.com/the-macallan-harmony-collection-rich-cacao
The Loch Fyne Fynest Bunnahabhain 19 Year Old,£156.00,https://www.whiskyshop.com/the-loch-fyne-fynest-bunnahabhain-19-year-old
The Loch Fyne Fynest Invergordon 45 Year Old ,£309.00,https://www.whiskyshop.com/the-loch-fyne-fynest-invergordon-45-year-old
The Loch Fyne Fynest Glengoyne 20 Year Old,£360.00,https://www.whiskyshop.com/loch-fyne-fynest-glengoyne-20-year-old
Glenglassaugh 10 Year Old Cask #2140 ,£91.00,https://www.whiskyshop.com/glenglassaugh-10-year-old-cask-2140
Darkness Craigellachie 11 Year Old Moscatel Cask Finish ,£95.00,https://www.whiskyshop.com/darkness-craigellachie-11-year-old-moscatel-cask-finish
BenRiach 12 Year Old #4830 ,£102.00,https://www.whiskyshop.com/benriach-12-year-old-4830
Glenkeir Treasure Carribean Blended Rum ,£40.00,https://www.whiskyshop.com/glenkeir-carribean-blended-rum
The Loch Fyne Caol Ila 10 Year Old 2010,£62.00,https://www.whiskyshop.com/loch-fyne-caol-ila-10-year-old-2010
Lagavulin 26 Year Old Diageo Special Release 2021,"£1,650.00",https://www.whiskyshop.com/lagavulin-26yo-diageo-special-release-2021
Lagavulin 12 Year Old Diageo Special Release 2021,£130.00,https://www.whiskyshop.com/lagavulin-12-year-old-diageo-special-release-2021
First Editions Mortlach 2010,£81.00,https://www.whiskyshop.com/first-editions-mortlach-2010-11-year-old
First Editions Glen Moray 2007 14 Year Old,£95.00,https://www.whiskyshop.com/first-edition-glen-moray-2007-14-year-old
Benromach 40 Year Old (2021 Release),"£1,750.00",https://www.whiskyshop.com/benromach-40-year-old
Ledaig 1999 Pedro Ximénez Cask Matured,£260.00,https://www.whiskyshop.com/ledaig-1999-pedro-ximenez-cask-matured
Ardnamurchan AD/07.21:05,£46.00,https://www.whiskyshop.com/ardnamurchan-ad-07-21-05
Laphroaig 33 Year Old The Ian Hunter Story Book Three,,https://www.whiskyshop.com/laphroaig-33-year-old-the-ian-hunter-story-book-3
Laphroaig 25 Year Old Cask Strength 2021,,https://www.whiskyshop.com/laphroaig-25-year-old-cask-strength-2021
Glenglassaugh 50 Year Old,"£5,500.00",https://www.whiskyshop.com/glenlassaugh-50-year-old
The Octave Glen Elgin 2010 10 Year Old,£110.00,https://www.whiskyshop.com/the-octave-glen-elgin-2010-10-year-old-tws-exclusive
Fettercairn Warehouse 2 Batch 2,£57.00,https://www.whiskyshop.com/fettercairn-warehouse-2-batch-2
Highland Park 2008 13 Year Old Octave #5029773,£134.00,https://www.whiskyshop.com/highland-park-2008-13yo-octave-tws-exclusive-70cl
Rare Find Allt a Bhaine 24 Year Old,£156.00,https://www.whiskyshop.com/allt-a-bhaine-1996-rare-find-tws-exclusive
First Editions Macduff 2006 14 Year Old ,£90.00,https://www.whiskyshop.com/first-editions-macduff-2006-14-year-old
Macallan 18 Year Old Sherry Oak 2021,,https://www.whiskyshop.com/macallan-18-sherry-oak-2021
Lindores Abbey MCDXCIV,£46.00,https://www.whiskyshop.com/lindores-abbey-mcdxciv
Rare Find Speyside 1982 39 Year Old,£385.00,https://www.whiskyshop.com/rare-find-speyside-1982-39-year-old
The Octave Dalmore 2004 16 Year Old,£295.00,https://www.whiskyshop.com/the-octave-dalmore-2004-16-year-old
Glenmorangie Grand Vintage Malt 1993,£670.00,https://www.whiskyshop.com/glenmorangie-grand-vintage-malt-1993
Laphroaig 10 Year Old Cask Strength 2021 Batch 14,£76.00,https://www.whiskyshop.com/laphroaig-10-year-old-cask-strength-2021
Personalised Famous Grouse,,https://www.whiskyshop.com/personalised-famous-grouse
Kilchoman 2012 Sherry Cask,£115.00,https://www.whiskyshop.com/kilchoman-2012-sherry-cask-the-w-club-exclusive
First Editions Glenburgie 2007,£90.00,https://www.whiskyshop.com/first-editions-glenburgie-2007-13-year-old
First Editions Tamnavulin 2010,£72.00,https://www.whiskyshop.com/first-editions-tamnavulin-2010-10-year-old
Old Malt Cask Blair Athol 16 Year Old ,£118.00,https://www.whiskyshop.com/old-malt-cask-blair-athol-16-year-old
First Editions Auchroisk 2011,£70.00,https://www.whiskyshop.com/first-editions-auchroisk-2011-9-year-old
Old Malt Cask Jura 13 Year Old ,£107.00,https://www.whiskyshop.com/old-malt-cask-jura-13-year-old
GlenDronach 1993 27 Year Old Batch 18,£553.00,https://www.whiskyshop.com/glendronach-27yo-1993-cask-7276-batch-18
Old Malt Cask Glengoyne 13 Year Old ,£98.00,https://www.whiskyshop.com/old-malt-cask-glengoyne-13-year-old
Tamdhu 15 Year Old,£98.00,https://www.whiskyshop.com/tamdhu-15-year-old
Tamdhu 12 Year Old,£46.00,https://www.whiskyshop.com/tamdhu-12-year-old
Glengoyne 30 Year Old,,https://www.whiskyshop.com/glengoyne-30-year-old
Glengoyne 25 Year Old,£380.00,https://www.whiskyshop.com/glengoyne-25-year-old
Loch Lomond The Open Special Edition,£41.00,https://www.whiskyshop.com/loch-lomond-the-open-special-edition
Johnnie Walker Blue Label Chinese New Year 2021 - Year of the Ox,£231.00,https://www.whiskyshop.com/johnnie-walker-blue-label-chinese-new-year-2021-year-of-the-ox
Old Malt Cask Mortlach 13 Year Old,£100.00,https://www.whiskyshop.com/old-malt-cask-mortlach-13-year-old
Johnnie Walker Gold Icon 200th Anniversary,,https://www.whiskyshop.com/johnnie-walker-gold-icon-200th-anniversary
Wemyss Malts Bowmore 1988 31 Year Old Candied Violets,£580.00,https://www.whiskyshop.com/bowmore-1988-31-year-old-candied-violets
First Editions Dailuaine 2008,£85.00,https://www.whiskyshop.com/first-editions-dailuaine-2008-11-year-old
First Editions Aultmore 2010,£72.00,https://www.whiskyshop.com/first-editions-aultmore-2010-10-year-old
Kilchoman Machir Bay Cask Strength Christmas Edition,£58.00,https://www.whiskyshop.com/kilchoman-machir-bay-cask-strength-christmas-edition
The Loch Fyne Bunnahabhain 14 Year Old 2005,£98.00,https://www.whiskyshop.com/the-loch-fyne-bunnahabhain-14-year-old-2005
The Loch Fyne Craigellachie 12 Year Old ,£83.00,https://www.whiskyshop.com/the-loch-fyne-craigellachie-12-year-old
The Loch Fyne The Living Cask Batch 10,£46.00,https://www.whiskyshop.com/the-loch-fyne-the-living-cask-batch-10
Macallan 40 Year Old Red Collection,,https://www.whiskyshop.com/macallan-40-year-old-red-collection
John Walker & Sons 28 Year Old Bicentenary Blend,£760.00,https://www.whiskyshop.com/john-walker-sons-28-year-old-bicentenary-blend
Glen Scotia 11 Year Old Sherry Double Cask,£62.00,https://www.whiskyshop.com/glen-scotia-11-year-old-sherry-double
Loch Lomond 30 Year Old,£450.00,https://www.whiskyshop.com/loch-lomond-30-year-old
Mortlach 21 Year Old Special Releases 2020,£595.00,https://www.whiskyshop.com/mortlach-21-year-old-special-releases-2020
Singleton 17 Year Old Special Releases 2020,£115.00,https://www.whiskyshop.com/singleton-17-year-old-special-releases-2020
First Editions Talisker 2010 8 Year Old,£92.00,https://www.whiskyshop.com/first-editions-talisker-2010-8-year-old
Fettercairn 22 Year Old,£170.00,https://www.whiskyshop.com/fettercairn-22-year-old
Laphroaig 10 Year Old Cask Strength 2020,£80.00,https://www.whiskyshop.com/laphroaig-10-year-old-cask-strength
Glen Moray Madeira Cask Project,,https://www.whiskyshop.com/glen-moray-madeira-cask-project
Glenallachie 2008 #508,,https://www.whiskyshop.com/glenallachie-2008-508
Old Malt Cask Inchmurrin 23 Year Old,£166.00,https://www.whiskyshop.com/old-malt-cask-inchmurrin-23-year-old
Glenkeir Treasures Twin Casks Secret Speyside 9 Year Old,£68.00,https://www.whiskyshop.com/glenkeir-treasures-twin-casks-secret-speyside-9-year-old
First Editions Blair Athol 2009,£72.00,https://www.whiskyshop.com/first-editions-blair-athol-2009
Invergordon 21 Year Old The Sovereign,£135.00,https://www.whiskyshop.com/invergordon-21-year-old-the-sovereign
The Loch Fyne The Living Cask Batch 9, £46.00,https://www.whiskyshop.com/the-loch-fyne-the-living-cask-batch-9
Old and Rare Bunnahabhain 30 Year Old,£580.00,https://www.whiskyshop.com/old-and-rare-bunnahabhain-30-year-old
Old Malt Cask Longmorn 21 Year Old,£156.00,https://www.whiskyshop.com/old-malt-cask-longmorn-21-year-old
First Editions Ardmore 2009,£71.00,https://www.whiskyshop.com/first-editions-ardmore-2009-9-year-old
Bunnahabhain 1988 Marsala Cask Finish,£460.00,https://www.whiskyshop.com/bunnahabhain-1988-marsala-cask-finish
First Editions Glen Garioch 2008,£72.00,https://www.whiskyshop.com/first-editions-glen-garioch-2008-10-year-old
Glenrothes 1988,£365.00,https://www.whiskyshop.com/glenrothes-1988
Old Malt Cask Tobermory 12 Year Old,£95.00,https://www.whiskyshop.com/old-malt-cask-tobermory-12-year-old
Highland Park Esquire,£207.00,https://www.whiskyshop.com/highland-park-esquire
Mortlach 26 Year Old Special Releases 2019,"£1,500.00",https://www.whiskyshop.com/mortlach-26-year-old-special-releases-2019
Old Pulteney 2006 #1448,£102.00,https://www.whiskyshop.com/old-pulteney-2006-1448
First Editions Mortlach 2007 11 Year Old,£88.00,https://www.whiskyshop.com/first-editions-mortlach-2007-11-year-old
First Editions Craigellachie 2011,£72.00,https://www.whiskyshop.com/first-editions-craigellachie-2011-8-year-old
Macallan Exceptional Single Cask 1950,,https://www.whiskyshop.com/macallan-exceptional-single-cask-1950
12 Drams of Christmas - Whisky Selection Box 2020,£69.00,https://www.whiskyshop.com/12-drams-of-christmas
The Loch Fyne Aultmore 12 Year Old, £83.00,https://www.whiskyshop.com/the-loch-fyne-aultmore-12-year-old
Compass Box Myths & Legends III,£135.00,https://www.whiskyshop.com/compass-box-myths-legends-iii
Compass Box Myths & Legends II,£135.00,https://www.whiskyshop.com/compass-box-myths-legends-ii
Compass Box Myths & Legends I,£135.00,https://www.whiskyshop.com/compass-box-myths-legends-i
Compass Box The Circle,£125.00,https://www.whiskyshop.com/compass-box-the-circle
anCnoc Peat,£83.00,https://www.whiskyshop.com/ancnoc-peat
Jura Two-One-Two (212),£93.00,https://www.whiskyshop.com/jura-two-one-two
First Editions Blair Athol 2010,£71.00,https://www.whiskyshop.com/first-editions-blair-athol-2010
First Editions Mortlach 2009,£71.00,https://www.whiskyshop.com/first-editions-mortlach-2009
First Editions Tullibardine 2008,£83.00,https://www.whiskyshop.com/first-editions-tullibardine-2008
The Loch Fyne The Living Cask Batch 8, £46.00,https://www.whiskyshop.com/the-loch-fyne-the-living-cask-batch-8
Glenkeir Treasures Secret Islay 10cl,£12.00,https://www.whiskyshop.com/glenkeir-treasures-secret-islay-10cl
Glenkeir Treasures Secret Islay 20cl,£24.00,https://www.whiskyshop.com/glenkeir-treasures-secret-islay-20cl
Glenkeir Treasures Speyburn 10 Year Old 10cl,£13.00,https://www.whiskyshop.com/glenkeir-treasures-speyburn-10-year-old-20cl
Glenkeir Treasures Secret Speyside 8 Year Old 10cl,£13.00,https://www.whiskyshop.com/glenkeir-treasures-secret-speyside-8-year-old-1
Glenkeir Treasures Secret Speyside 8 Year Old 20cl,£26.00,https://www.whiskyshop.com/glenkeir-treasures-secret-speyside-8-year-old-20cl
Glenkeir Treasures Secret Speyside 8 Year Old ,£55.00,https://www.whiskyshop.com/glenkeir-treasures-secret-speyside-8-year-old
First Editions Tamdhu 2007,£76.00,https://www.whiskyshop.com/first-editions-tamdhu-2007
Glengoyne 21 Year Old,£165.00,https://www.whiskyshop.com/glengoyne-21-year-old
First Editions Craigellachie 2006,£79.00,https://www.whiskyshop.com/first-editions-craigellachie-2006
First Editions Benrinnes 2010,£68.00,https://www.whiskyshop.com/first-editions-benrinnes-2010
Old Malt Cask Talisker 8 Year Old,£120.00,https://www.whiskyshop.com/old-malt-cask-talisker-8-year-old
The Last Drop 1925 Grande Champagne Cognac,"£3,950.00",https://www.whiskyshop.com/the-last-drop-1925-grande-champagne-cognac
Loch Lomond 2004 Single Cask,£115.00,https://www.whiskyshop.com/loch-lomond-2004-single-cask
Whisky Works Glaswegian 29 Year Old,£135.00,https://www.whiskyshop.com/whisky-works-glaswegian-29-year-old
Old Malt Cask Glenburgie 19 Year Old,£130.00,https://www.whiskyshop.com/old-malt-cask-glenburgie-19-year-old
Old Malt Cask Mortlach 11 Year Old,£98.00,https://www.whiskyshop.com/old-malt-cask-mortlach-11-year-old
Authors' Series Probably Speyside's Finest 1968 50 Year Old - Nathaniel Hawthorne ,"£2,750.00",https://www.whiskyshop.com/authors-series-speyside-s-finest-1967-50-year-old-nathaniel-hawthorne
Authors' Series Tormore 1988 30 Year Old - Charles Baudelaire,£435.00,https://www.whiskyshop.com/tormore-1988-30-year-old-authors-series-charles-baudelaire
Authors' Series Tullibardine 1993 25 Year Old - William Thackeray,£405.00,https://www.whiskyshop.com/tullibardine-1993-25-year-old-authors-series
Macallan 1938 31 Year Old Fine & Rare,"£42,500.00",https://www.whiskyshop.com/macallan-1938-31-year-old-fine-rare
Macallan 1947 15 Year Old Fine & Rare,"£34,000.00",https://www.whiskyshop.com/macallan-1947-15-year-old-fine-rare
Old Malt Cask Tamdhu 8 Year Old 20cl,£31.00,https://www.whiskyshop.com/old-malt-cask-tamdhu-8-year-old-20cl
Glenfiddich 30 Year Old ,£600.00,https://www.whiskyshop.com/glenfiddich-30-year-old
Royal Lochnagar 12 Year Old,£39.00,https://www.whiskyshop.com/royal-lochnagar-12-year-old
Clynelish Select Reserve 2014 Special Release,£510.00,https://www.whiskyshop.com/clynelish-select-reserve-2014-special-release
Glenfarclas 1960,"£4,400.00",https://www.whiskyshop.com/glenfarclas-1960
Loch Lomond 19 Year Old Royal Portrush,£166.00,https://www.whiskyshop.com/loch-lomond-19-year-old-royal-portrush
The Loch Fyne The Living Cask Batch 7,£46.00,https://www.whiskyshop.com/the-loch-fyne-the-living-cask-batch-7
First Editions Speyburn 2006,£76.00,https://www.whiskyshop.com/first-editions-speyburn-2006
First Editions Jura 2006,£76.00,https://www.whiskyshop.com/first-editions-jura-2006
Glen Grant 30 Year Old Platinum Old & Rare,£470.00,https://www.whiskyshop.com/glen-grant-30-year-old-platinum-old-rare
Laphroaig 20 Year Old Platinum Old & Rare,£425.00,https://www.whiskyshop.com/laphroaig-20-year-old-platinum-old-rare
The Last Drop Glenrothes 1968 Cask 13504,"£5,400.00",https://www.whiskyshop.com/the-last-drop-glenrothes-1968-cask-13504
The Last Drop Glenrothes 1968 Cask 13508,"£5,400.00",https://www.whiskyshop.com/the-last-drop-glenrothes-1968-cask-13508
Fettercairn 28 Year Old,£460.00,https://www.whiskyshop.com/fettercairn-28-year-old
Fettercairn 12 Year Old,£46.00,https://www.whiskyshop.com/fettercairn-12-year-old
Macallan 30 Year Old Sherry Oak 2020,"£6,500.00",https://www.whiskyshop.com/macallan-30-year-old-sherry-oak-2020
Oban 21 Year Old 2018 Special Release,£460.00,https://www.whiskyshop.com/oban-21-year-old-2018-special-release
Talisker 40 Year Old,"£2,750.00",https://www.whiskyshop.com/talisker-40-year-old
The Loch Fyne The Living Cask Batch 6,£46.00,https://www.whiskyshop.com/the-loch-fyne-the-living-cask-batch-6
The Loch Fyne The Living Cask Batch 4 5cl,£8.00,https://www.whiskyshop.com/the-loch-fyne-the-living-cask-batch-4-5cl
The Loch Fyne Honey & Ginger Liqueur 5cl,£7.00,https://www.whiskyshop.com/the-loch-fyne-honey-ginger-liqueur-5cl
The Loch Fyne Chocolate & Orange Liqueur 5cl,£7.00,https://www.whiskyshop.com/the-loch-fyne-chocolate-orange-liqueur-5cl
Convalmore 32 Year Old 2017 Special Release,"£1,350.00",https://www.whiskyshop.com/convalmore-32-year-old-2017-special-release
Old Malt Cask Royal Brackla 19 Year Old,£139.00,https://www.whiskyshop.com/old-malt-cask-royal-brackla-19-year-old
Caol Ila 36 Year Old Platinum Old & Rare,£760.00,https://www.whiskyshop.com/caol-ila-36-year-old-platinum-old-rare
Old Malt Cask Highland Park 19 Year Old,£309.00,https://www.whiskyshop.com/old-malt-cask-highland-park-19-year-old
Invergordon 50 Year Old The Sovereign,£879.00,https://www.whiskyshop.com/invergordon-50-year-old-the-sovereign
Aberlour 18 Year Old,,https://www.whiskyshop.com/aberlour-18-year-old
Bruichladdich 1985 32 Year Old,£720.00,https://www.whiskyshop.com/bruichladdich-1985-32-year-old
Dalmore 35 Year Old,"£7,995.00",https://www.whiskyshop.com/dalmore-35-year-old
Old Malt Cask Mortlach 10 Year Old,£98.00,https://www.whiskyshop.com/old-malt-cask-mortlach-10-year-old
The Loch Fyne - The Living Cask - Batch 5,£46.00,https://www.whiskyshop.com/the-loch-fyne-the-living-cask-batch-5
Bruichladdich 1984 32 Year Old,£720.00,https://www.whiskyshop.com/bruichladdich-1984-32-year-old
The Loch Fyne Glentauchers 10 Year Old,£67.00,https://www.whiskyshop.com/the-loch-fyne-glentauchers-10-year-old
Old Malt Cask Craigellachie 20 Year Old 20cl,£59.00,https://www.whiskyshop.com/old-malt-cask-craigellachie-20-year-old-20cl
Dalmore Constellation 1973 cask 10,"£14,314.00",https://www.whiskyshop.com/dalmore-constellation-1973-cask-10
Balvenie 30 Year Old ,"£1,499.00",https://www.whiskyshop.com/balvenie-30-year-old
Glenrothes 1976,"£1,000.00",https://www.whiskyshop.com/glenrothes-1976
The Loch Fyne Craigellachie 10 Year Old 2007,£72.00,https://www.whiskyshop.com/the-loch-fyne-craigellachie-10-year-old-2007
Macallan 25 Year Old Sherry Oak ,"£2,950.00",https://www.whiskyshop.com/macallan-25-year-old-sherry-oak-2020
Yamazaki 18 Year Old,"£1,200.00",https://www.whiskyshop.com/yamazaki-18-year-old
Glendronach Parliament 21 Year Old,£199.00,https://www.whiskyshop.com/glendronach-parliament-21-year-old
First Editions Benrinnes 2005 12 Year Old,£80.00,https://www.whiskyshop.com/first-editions-benrinnes-2005
Port Ellen 1983 - Authors' Series - Alfred Tennyson,"£2,800.00",https://www.whiskyshop.com/port-ellen-1983-authors-series-alfred-tennyson
Probably Speyside's Finest 50 Year Old Platinum Old & Rare,"£2,000.00",https://www.whiskyshop.com/probably-speyside-s-finest-50-year-old-platinum-old-rare
Authors' Series Tormore 1988 Frederick Douglass,£410.00,https://www.whiskyshop.com/tormore-1988-authors-series-frederick-douglass
Glen Elgin 18 Year Old 2017 Special Release,£310.00,https://www.whiskyshop.com/glen-elgin-18-year-old-2017-special-release
The Loch Fyne Honey & Ginger Liqueur, £30.00,https://www.whiskyshop.com/the-loch-fyne-honey-ginger-liqueur
Old Malt Cask Mortlach 8 Year Old 20cl,£32.00,https://www.whiskyshop.com/old-malt-cask-mortlach-8-year-old-20cl
Macallan 12 Year Old Sherry Oak, £85.00,https://www.whiskyshop.com/macallan-12-year-old-sherry-oak
The Loch Fyne Blend,£25.00,https://www.whiskyshop.com/the-loch-fyne-blend
Glenmorangie 18 Year Old,,https://www.whiskyshop.com/glenmorangie-18-year-old
The Loch Fyne The Living Cask 1745, £78.00,https://www.whiskyshop.com/the-loch-fyne-the-living-cask-1745
Balvenie Tun 1509 Batch 8 ,,https://www.whiskyshop.com/balvenie-tun-1509-batch-8
Loch Lomond 2011 #20/895 ,,https://www.whiskyshop.com/loch-lomond-2011-20-895
Darkness Glenrothes 12 Year Old Oloroso Cask Finish ,,https://www.whiskyshop.com/darkness-glenrothes-12-year-old-oloroso-cask-finish-61-3-50cl
Highland Park Cask Strength Release No. 2,,https://www.whiskyshop.com/highland-park-cask-strength-batch-2
Gordon & Macphail Glen Grant 1966 45 Year Old,,https://www.whiskyshop.com/gordon-macphail-glen-grant-1966-45-year-old
First Editions Blair Athol 2012,,https://www.whiskyshop.com/first-editions-blair-athol-2012-8-year-old
Old Fashioned Cocktail Bundle,,https://www.whiskyshop.com/old-fashioned-cocktail-bundle
The Cally 1974 'Caledonian' 40 Year Old 2015 Special Release,£830.00,https://www.whiskyshop.com/the-cally-1974-caledonian-40-year-old-2015-special-release
Glenfarclas 1966,"£3,999.00",https://www.whiskyshop.com/glenfarclas-1966
Glenfarclas 1972 ,"£2,700.00",https://www.whiskyshop.com/glenfarclas-1972
Glenfarclas 1969,"£3,999.00",https://www.whiskyshop.com/glenfarclas-1969
Glenfarclas 1964,"£3,999.00",https://www.whiskyshop.com/glenfarclas-1964
